{
	"class_name" : "PinholeCameraParameters",
	"extrinsic" : 
	[
		0.077558556546259233,
		0.39313400612770844,
		-0.91620430228876337,
		0.0,
		0.996378964116578,
		-0.062675499333603529,
		0.057452081330954793,
		0.0,
		-0.034837195243530891,
		-0.91734259413223718,
		-0.39657147504365686,
		0.0,
		-4.3603673561115368,
		10.083466931898377,
		27.493295047892694,
		1.0
	],
	"intrinsic" : 
	{
		"height" : 1080,
		"intrinsic_matrix" : 
		[
			935.30743608719376,
			0.0,
			0.0,
			0.0,
			935.30743608719376,
			0.0,
			959.5,
			539.5,
			1.0
		],
		"width" : 1920
	},
	"version_major" : 1,
	"version_minor" : 0
}