{
	"class_name" : "PinholeCameraParameters",
	"extrinsic" : 
	[
		0.0,
		0.39313400612770844,
		-1.0,
		0.0,
		1.0,
		-0.0,
		0.0,
		0.0,
		-0.0,
		-1.0,
		-0.39657147504365686,
		0.0,
		-1.0,
		7.0,
		27.0,
		1.0
	],
	"intrinsic" : 
	{
		"height" : 1080,
		"intrinsic_matrix" : 
		[
			2244.0,
			0.0,
			0.0,
			0.0,
			2244.0,
			0.0,
			959.5,
			539.5,
			1.0
		],
		"width" : 1920
	},
	"version_major" : 1,
	"version_minor" : 0
}